﻿<?xml version="1.0" encoding="utf-8"?><toc><breadcrumbs><li><a href="R_Project_Documentation.htm">Docs</a></li><li><a href="R_Project_Documentation.htm">mediatek<wbr />86</a></li></breadcrumbs><tocItems><li><a id="N_mediatek86_bddmanager" class="has-submenu" href="N_mediatek86_bddmanager.htm"><span data-tocFile="../toc/IDAA.xml" class="icon toggle" onclick="ToggleExpandCollapse(this); return false;"><i class="fa fa-angle-right"> </i></span>mediatek<wbr />86.<wbr />bddmanager</a><ul class="toc-menu is-hidden"> </ul></li><li><a id="N_mediatek86_controller" class="has-submenu" href="N_mediatek86_controller.htm"><span data-tocFile="../toc/IDBA.xml" class="icon toggle" onclick="ToggleExpandCollapse(this); return false;"><i class="fa fa-angle-right"> </i></span>mediatek<wbr />86.<wbr />controller</a><ul class="toc-menu is-hidden"> </ul></li><li><a id="N_mediatek86_dal" class="has-submenu" href="N_mediatek86_dal.htm"><span data-tocFile="../toc/IDCA.xml" class="icon toggle" onclick="ToggleExpandCollapse(this); return false;"><i class="fa fa-angle-right"> </i></span>mediatek<wbr />86.<wbr />dal</a><ul class="toc-menu is-hidden"> </ul></li><li><a id="N_mediatek86_model" class="has-submenu" href="N_mediatek86_model.htm"><span data-tocFile="../toc/IDDA.xml" class="icon toggle" onclick="ToggleExpandCollapse(this); return false;"><i class="fa fa-angle-right"> </i></span>mediatek<wbr />86.<wbr />model</a><ul class="toc-menu is-hidden"> </ul></li><li><a id="N_mediatek86_view" class="has-submenu" href="N_mediatek86_view.htm"><span data-tocFile="../toc/IDEA.xml" class="icon toggle" onclick="ToggleExpandCollapse(this); return false;"><i class="fa fa-angle-right"> </i></span>mediatek<wbr />86.<wbr />view</a><ul class="toc-menu is-hidden"> </ul></li></tocItems></toc>