﻿<?xml version="1.0" encoding="utf-8"?><toc><breadcrumbs><li><a href="R_Project_Documentation.htm">Docs</a></li><li><a href="R_Project_Documentation.htm">mediatek<wbr />86</a></li><li><a href="N_mediatek86_bddmanager.htm">mediatek<wbr />86.<wbr />bddmanager</a></li><li><a href="T_mediatek86_bddmanager_BddManager.htm">Bdd<wbr />Manager</a></li><li><a href="Methods_T_mediatek86_bddmanager_BddManager.htm">Méthodes</a></li></breadcrumbs><tocItems><li><a id="M_mediatek86_bddmanager_BddManager_getInstance" href="M_mediatek86_bddmanager_BddManager_getInstance.htm">get<wbr />Instance</a></li><li><a id="M_mediatek86_bddmanager_BddManager_reqSelect" href="M_mediatek86_bddmanager_BddManager_reqSelect.htm">req<wbr />Select</a></li><li><a id="M_mediatek86_bddmanager_BddManager_reqUpdate" href="M_mediatek86_bddmanager_BddManager_reqUpdate.htm">req<wbr />Update</a></li></tocItems></toc>