﻿<?xml version="1.0" encoding="utf-8"?><toc><breadcrumbs><li><a href="R_Project_Documentation.htm">Docs</a></li><li><a href="R_Project_Documentation.htm">mediatek<wbr />86</a></li><li><a href="N_mediatek86_bddmanager.htm">mediatek<wbr />86.<wbr />bddmanager</a></li><li><a href="T_mediatek86_bddmanager_BddManager.htm">Bdd<wbr />Manager</a></li></breadcrumbs><tocItems><li><a id="Methods_T_mediatek86_bddmanager_BddManager" class="has-submenu" href="Methods_T_mediatek86_bddmanager_BddManager.htm"><span data-tocFile="../toc/IDAAAA.xml" class="icon toggle" onclick="ToggleExpandCollapse(this); return false;"><i class="fa fa-angle-right"> </i></span>Méthodes</a><ul class="toc-menu is-hidden"> </ul></li></tocItems></toc>