﻿<?xml version="1.0" encoding="utf-8"?><toc><breadcrumbs><li><a href="R_Project_Documentation.htm">Docs</a></li><li><a href="R_Project_Documentation.htm">mediatek<wbr />86</a></li><li><a href="N_mediatek86_view.htm">mediatek<wbr />86.<wbr />view</a></li><li><a href="T_mediatek86_view_FrmPersonnel.htm">Frm<wbr />Personnel</a></li><li><a href="Methods_T_mediatek86_view_FrmPersonnel.htm">Méthodes</a></li><li><a href="Overload_mediatek86_view_FrmPersonnel_Dispose.htm">Dispose</a></li></breadcrumbs><tocItems><li><a id="M_mediatek86_view_FrmPersonnel_Dispose" href="M_mediatek86_view_FrmPersonnel_Dispose.htm">Dispose(<wbr />Boolean)</a></li></tocItems></toc>