﻿<?xml version="1.0" encoding="utf-8"?><toc><breadcrumbs><li><a href="R_Project_Documentation.htm">Docs</a></li><li><a href="R_Project_Documentation.htm">mediatek<wbr />86</a></li><li><a href="N_mediatek86_model.htm">mediatek<wbr />86.<wbr />model</a></li><li><a href="T_mediatek86_model_Absence.htm">Absence</a></li></breadcrumbs><tocItems><li><a id="M_mediatek86_model_Absence__ctor" href="M_mediatek86_model_Absence__ctor.htm">Constructeur</a></li><li><a id="Properties_T_mediatek86_model_Absence" class="has-submenu" href="Properties_T_mediatek86_model_Absence.htm"><span data-tocFile="../toc/IDBADA.xml" class="icon toggle" onclick="ToggleExpandCollapse(this); return false;"><i class="fa fa-angle-right"> </i></span>Propriétés</a><ul class="toc-menu is-hidden"> </ul></li><li><a id="Methods_T_mediatek86_model_Absence" href="Methods_T_mediatek86_model_Absence.htm">Méthodes</a></li></tocItems></toc>