﻿<?xml version="1.0" encoding="utf-8"?><toc><breadcrumbs><li><a href="R_Project_Documentation.htm">Docs</a></li><li><a href="R_Project_Documentation.htm">mediatek<wbr />86</a></li><li><a href="N_mediatek86_view.htm">mediatek<wbr />86.<wbr />view</a></li><li><a href="T_mediatek86_view_FrmAuthentification.htm">Frm<wbr />Authentification</a></li></breadcrumbs><tocItems><li><a id="M_mediatek86_view_FrmAuthentification__ctor" href="M_mediatek86_view_FrmAuthentification__ctor.htm">Constructeur</a></li><li><a id="Properties_T_mediatek86_view_FrmAuthentification" href="Properties_T_mediatek86_view_FrmAuthentification.htm">Propriétés</a></li><li><a id="Methods_T_mediatek86_view_FrmAuthentification" class="has-submenu" href="Methods_T_mediatek86_view_FrmAuthentification.htm"><span data-tocFile="../toc/IDCAEA.xml" class="icon toggle" onclick="ToggleExpandCollapse(this); return false;"><i class="fa fa-angle-right"> </i></span>Méthodes</a><ul class="toc-menu is-hidden"> </ul></li><li><a id="Events_T_mediatek86_view_FrmAuthentification" href="Events_T_mediatek86_view_FrmAuthentification.htm">Événements</a></li></tocItems></toc>