﻿<?xml version="1.0" encoding="utf-8"?><toc><breadcrumbs><li><a href="R_Project_Documentation.htm">Docs</a></li><li><a href="R_Project_Documentation.htm">mediatek<wbr />86</a></li><li><a href="N_mediatek86_dal.htm">mediatek<wbr />86.<wbr />dal</a></li><li><a href="T_mediatek86_dal_AbsenceAccess.htm">Absence<wbr />Access</a></li><li><a href="Methods_T_mediatek86_dal_AbsenceAccess.htm">Méthodes</a></li></breadcrumbs><tocItems><li><a id="M_mediatek86_dal_AbsenceAccess_AddItem" href="M_mediatek86_dal_AbsenceAccess_AddItem.htm">Add<wbr />Item</a></li><li><a id="M_mediatek86_dal_AbsenceAccess_DelItem" href="M_mediatek86_dal_AbsenceAccess_DelItem.htm">Del<wbr />Item</a></li><li><a id="M_mediatek86_dal_AbsenceAccess_GetLesAbsences" href="M_mediatek86_dal_AbsenceAccess_GetLesAbsences.htm">Get<wbr />Les<wbr />Absences</a></li><li><a id="M_mediatek86_dal_AbsenceAccess_UpdateItem" href="M_mediatek86_dal_AbsenceAccess_UpdateItem.htm">Update<wbr />Item</a></li></tocItems></toc>