﻿<?xml version="1.0" encoding="utf-8"?><toc><breadcrumbs><li><a href="R_Project_Documentation.htm">Docs</a></li><li><a href="R_Project_Documentation.htm">mediatek<wbr />86</a></li><li><a href="N_mediatek86_controller.htm">mediatek<wbr />86.<wbr />controller</a></li><li><a href="T_mediatek86_controller_FrmHabilitationsController.htm">Frm<wbr />Habilitations<wbr />Controller</a></li><li><a href="Methods_T_mediatek86_controller_FrmHabilitationsController.htm">Méthodes</a></li></breadcrumbs><tocItems><li><a id="M_mediatek86_controller_FrmHabilitationsController_AddAbsence" href="M_mediatek86_controller_FrmHabilitationsController_AddAbsence.htm">Add<wbr />Absence</a></li><li><a id="M_mediatek86_controller_FrmHabilitationsController_AddPerso" href="M_mediatek86_controller_FrmHabilitationsController_AddPerso.htm">Add<wbr />Perso</a></li><li><a id="M_mediatek86_controller_FrmHabilitationsController_DelAbsence" href="M_mediatek86_controller_FrmHabilitationsController_DelAbsence.htm">Del<wbr />Absence</a></li><li><a id="M_mediatek86_controller_FrmHabilitationsController_DelPerso" href="M_mediatek86_controller_FrmHabilitationsController_DelPerso.htm">Del<wbr />Perso</a></li><li><a id="M_mediatek86_controller_FrmHabilitationsController_GetLesAbsences" href="M_mediatek86_controller_FrmHabilitationsController_GetLesAbsences.htm">Get<wbr />Les<wbr />Absences</a></li><li><a id="M_mediatek86_controller_FrmHabilitationsController_GetLesMotifs" href="M_mediatek86_controller_FrmHabilitationsController_GetLesMotifs.htm">Get<wbr />Les<wbr />Motifs</a></li><li><a id="M_mediatek86_controller_FrmHabilitationsController_GetLesPerso" href="M_mediatek86_controller_FrmHabilitationsController_GetLesPerso.htm">Get<wbr />Les<wbr />Perso</a></li><li><a id="M_mediatek86_controller_FrmHabilitationsController_GetLesServices" href="M_mediatek86_controller_FrmHabilitationsController_GetLesServices.htm">Get<wbr />Les<wbr />Services</a></li><li><a id="M_mediatek86_controller_FrmHabilitationsController_UpdateAbsence" href="M_mediatek86_controller_FrmHabilitationsController_UpdateAbsence.htm">Update<wbr />Absence</a></li><li><a id="M_mediatek86_controller_FrmHabilitationsController_UpdatePerso" href="M_mediatek86_controller_FrmHabilitationsController_UpdatePerso.htm">Update<wbr />Perso</a></li></tocItems></toc>