﻿<?xml version="1.0" encoding="utf-8"?><toc><breadcrumbs><li><a href="R_Project_Documentation.htm">Docs</a></li><li><a href="R_Project_Documentation.htm">mediatek<wbr />86</a></li><li><a href="N_mediatek86_controller.htm">mediatek<wbr />86.<wbr />controller</a></li></breadcrumbs><tocItems><li><a id="T_mediatek86_controller_FrmHabilitationsController" class="has-submenu" href="T_mediatek86_controller_FrmHabilitationsController.htm"><span data-tocFile="../toc/IDABA.xml" class="icon toggle" onclick="ToggleExpandCollapse(this); return false;"><i class="fa fa-angle-right"> </i></span>Frm<wbr />Habilitations<wbr />Controller</a><ul class="toc-menu is-hidden"> </ul></li></tocItems></toc>