﻿<?xml version="1.0" encoding="utf-8"?><toc><breadcrumbs><li><a href="R_Project_Documentation.htm">Docs</a></li><li><a href="R_Project_Documentation.htm">mediatek<wbr />86</a></li><li><a href="N_mediatek86_model.htm">mediatek<wbr />86.<wbr />model</a></li><li><a href="T_mediatek86_model_Absence.htm">Absence</a></li><li><a href="Properties_T_mediatek86_model_Absence.htm">Propriétés</a></li></breadcrumbs><tocItems><li><a id="P_mediatek86_model_Absence_DateDebut" href="P_mediatek86_model_Absence_DateDebut.htm">Date<wbr />Debut</a></li><li><a id="P_mediatek86_model_Absence_DateFin" href="P_mediatek86_model_Absence_DateFin.htm">Date<wbr />Fin</a></li><li><a id="P_mediatek86_model_Absence_Idabsence" href="P_mediatek86_model_Absence_Idabsence.htm">Idabsence</a></li><li><a id="P_mediatek86_model_Absence_Motif" href="P_mediatek86_model_Absence_Motif.htm">Motif</a></li><li><a id="P_mediatek86_model_Absence_Personnel" href="P_mediatek86_model_Absence_Personnel.htm">Personnel</a></li></tocItems></toc>