﻿<?xml version="1.0" encoding="utf-8"?><toc><breadcrumbs><li><a href="R_Project_Documentation.htm">Docs</a></li><li><a href="R_Project_Documentation.htm">mediatek<wbr />86</a></li><li><a href="N_mediatek86_dal.htm">mediatek<wbr />86.<wbr />dal</a></li><li><a href="T_mediatek86_dal_Access.htm">Access</a></li><li><a href="Methods_T_mediatek86_dal_Access.htm">Méthodes</a></li></breadcrumbs><tocItems><li><a id="M_mediatek86_dal_Access_getInstance" href="M_mediatek86_dal_Access_getInstance.htm">get<wbr />Instance</a></li></tocItems></toc>