﻿<?xml version="1.0" encoding="utf-8"?><toc><breadcrumbs><li><a href="R_Project_Documentation.htm">Docs</a></li><li><a href="R_Project_Documentation.htm">mediatek<wbr />86</a></li><li><a href="N_mediatek86_model.htm">mediatek<wbr />86.<wbr />model</a></li><li><a href="T_mediatek86_model_Motif.htm">Motif</a></li><li><a href="Properties_T_mediatek86_model_Motif.htm">Propriétés</a></li></breadcrumbs><tocItems><li><a id="P_mediatek86_model_Motif_Idmotif" href="P_mediatek86_model_Motif_Idmotif.htm">Idmotif</a></li><li><a id="P_mediatek86_model_Motif_Libelle" href="P_mediatek86_model_Motif_Libelle.htm">Libelle</a></li></tocItems></toc>