﻿<?xml version="1.0" encoding="utf-8"?><toc><breadcrumbs><li><a href="R_Project_Documentation.htm">Docs</a></li><li><a href="R_Project_Documentation.htm">mediatek<wbr />86</a></li><li><a href="N_mediatek86_dal.htm">mediatek<wbr />86.<wbr />dal</a></li><li><a href="T_mediatek86_dal_Access.htm">Access</a></li></breadcrumbs><tocItems><li><a id="Properties_T_mediatek86_dal_Access" class="has-submenu" href="Properties_T_mediatek86_dal_Access.htm"><span data-tocFile="../toc/IDABCA.xml" class="icon toggle" onclick="ToggleExpandCollapse(this); return false;"><i class="fa fa-angle-right"> </i></span>Propriétés</a><ul class="toc-menu is-hidden"> </ul></li><li><a id="Methods_T_mediatek86_dal_Access" class="has-submenu" href="Methods_T_mediatek86_dal_Access.htm"><span data-tocFile="../toc/IDBBCA.xml" class="icon toggle" onclick="ToggleExpandCollapse(this); return false;"><i class="fa fa-angle-right"> </i></span>Méthodes</a><ul class="toc-menu is-hidden"> </ul></li></tocItems></toc>