﻿<?xml version="1.0" encoding="utf-8"?><toc><breadcrumbs><li><a href="R_Project_Documentation.htm">Docs</a></li><li><a href="R_Project_Documentation.htm">mediatek<wbr />86</a></li><li><a href="N_mediatek86_model.htm">mediatek<wbr />86.<wbr />model</a></li><li><a href="T_mediatek86_model_Personnel.htm">Personnel</a></li><li><a href="Properties_T_mediatek86_model_Personnel.htm">Propriétés</a></li></breadcrumbs><tocItems><li><a id="P_mediatek86_model_Personnel_Idpersonnel" href="P_mediatek86_model_Personnel_Idpersonnel.htm">Idpersonnel</a></li><li><a id="P_mediatek86_model_Personnel_Mail" href="P_mediatek86_model_Personnel_Mail.htm">Mail</a></li><li><a id="P_mediatek86_model_Personnel_Nom" href="P_mediatek86_model_Personnel_Nom.htm">Nom</a></li><li><a id="P_mediatek86_model_Personnel_Prenom" href="P_mediatek86_model_Personnel_Prenom.htm">Prenom</a></li><li><a id="P_mediatek86_model_Personnel_Service" href="P_mediatek86_model_Personnel_Service.htm">Service</a></li><li><a id="P_mediatek86_model_Personnel_Tel" href="P_mediatek86_model_Personnel_Tel.htm">Tel</a></li></tocItems></toc>