﻿<?xml version="1.0" encoding="utf-8"?><toc><breadcrumbs><li><a href="R_Project_Documentation.htm">Docs</a></li><li><a href="R_Project_Documentation.htm">mediatek<wbr />86</a></li><li><a href="N_mediatek86_model.htm">mediatek<wbr />86.<wbr />model</a></li><li><a href="T_mediatek86_model_Responsable.htm">Responsable</a></li><li><a href="Properties_T_mediatek86_model_Responsable.htm">Propriétés</a></li></breadcrumbs><tocItems><li><a id="P_mediatek86_model_Responsable_Login" href="P_mediatek86_model_Responsable_Login.htm">Login</a></li><li><a id="P_mediatek86_model_Responsable_Pwd" href="P_mediatek86_model_Responsable_Pwd.htm">Pwd</a></li></tocItems></toc>