﻿<?xml version="1.0" encoding="utf-8"?><toc><breadcrumbs><li><a href="R_Project_Documentation.htm">Docs</a></li><li><a href="R_Project_Documentation.htm">mediatek<wbr />86</a></li><li><a href="N_mediatek86_dal.htm">mediatek<wbr />86.<wbr />dal</a></li><li><a href="T_mediatek86_dal_PersonnelAccess.htm">Personnel<wbr />Access</a></li><li><a href="Methods_T_mediatek86_dal_PersonnelAccess.htm">Méthodes</a></li></breadcrumbs><tocItems><li><a id="M_mediatek86_dal_PersonnelAccess_AddItem" href="M_mediatek86_dal_PersonnelAccess_AddItem.htm">Add<wbr />Item</a></li><li><a id="M_mediatek86_dal_PersonnelAccess_DelItem" href="M_mediatek86_dal_PersonnelAccess_DelItem.htm">Del<wbr />Item</a></li><li><a id="M_mediatek86_dal_PersonnelAccess_GetLesPersonnels" href="M_mediatek86_dal_PersonnelAccess_GetLesPersonnels.htm">Get<wbr />Les<wbr />Personnels</a></li><li><a id="M_mediatek86_dal_PersonnelAccess_UpdateItem" href="M_mediatek86_dal_PersonnelAccess_UpdateItem.htm">Update<wbr />Item</a></li></tocItems></toc>