﻿<?xml version="1.0" encoding="utf-8"?><toc><breadcrumbs><li><a href="R_Project_Documentation.htm">Docs</a></li><li><a href="R_Project_Documentation.htm">mediatek<wbr />86</a></li><li><a href="N_mediatek86_view.htm">mediatek<wbr />86.<wbr />view</a></li><li><a href="T_mediatek86_view_FrmPersonnel.htm">Frm<wbr />Personnel</a></li></breadcrumbs><tocItems><li><a id="M_mediatek86_view_FrmPersonnel__ctor" href="M_mediatek86_view_FrmPersonnel__ctor.htm">Constructeur</a></li><li><a id="Properties_T_mediatek86_view_FrmPersonnel" href="Properties_T_mediatek86_view_FrmPersonnel.htm">Propriétés</a></li><li><a id="Methods_T_mediatek86_view_FrmPersonnel" class="has-submenu" href="Methods_T_mediatek86_view_FrmPersonnel.htm"><span data-tocFile="../toc/IDCBEA.xml" class="icon toggle" onclick="ToggleExpandCollapse(this); return false;"><i class="fa fa-angle-right"> </i></span>Méthodes</a><ul class="toc-menu is-hidden"> </ul></li><li><a id="Events_T_mediatek86_view_FrmPersonnel" href="Events_T_mediatek86_view_FrmPersonnel.htm">Événements</a></li></tocItems></toc>