﻿<?xml version="1.0" encoding="utf-8"?><toc><breadcrumbs><li><a href="R_Project_Documentation.htm">Docs</a></li><li><a href="R_Project_Documentation.htm">mediatek<wbr />86</a></li><li><a href="N_mediatek86_dal.htm">mediatek<wbr />86.<wbr />dal</a></li></breadcrumbs><tocItems><li><a id="T_mediatek86_dal_AbsenceAccess" class="has-submenu" href="T_mediatek86_dal_AbsenceAccess.htm"><span data-tocFile="../toc/IDACA.xml" class="icon toggle" onclick="ToggleExpandCollapse(this); return false;"><i class="fa fa-angle-right"> </i></span>Absence<wbr />Access</a><ul class="toc-menu is-hidden"> </ul></li><li><a id="T_mediatek86_dal_Access" class="has-submenu" href="T_mediatek86_dal_Access.htm"><span data-tocFile="../toc/IDBCA.xml" class="icon toggle" onclick="ToggleExpandCollapse(this); return false;"><i class="fa fa-angle-right"> </i></span>Access</a><ul class="toc-menu is-hidden"> </ul></li><li><a id="T_mediatek86_dal_MotifAccess" class="has-submenu" href="T_mediatek86_dal_MotifAccess.htm"><span data-tocFile="../toc/IDCCA.xml" class="icon toggle" onclick="ToggleExpandCollapse(this); return false;"><i class="fa fa-angle-right"> </i></span>Motif<wbr />Access</a><ul class="toc-menu is-hidden"> </ul></li><li><a id="T_mediatek86_dal_PersonnelAccess" class="has-submenu" href="T_mediatek86_dal_PersonnelAccess.htm"><span data-tocFile="../toc/IDDCA.xml" class="icon toggle" onclick="ToggleExpandCollapse(this); return false;"><i class="fa fa-angle-right"> </i></span>Personnel<wbr />Access</a><ul class="toc-menu is-hidden"> </ul></li><li><a id="T_mediatek86_dal_ResponsableAccess" class="has-submenu" href="T_mediatek86_dal_ResponsableAccess.htm"><span data-tocFile="../toc/IDECA.xml" class="icon toggle" onclick="ToggleExpandCollapse(this); return false;"><i class="fa fa-angle-right"> </i></span>Responsable<wbr />Access</a><ul class="toc-menu is-hidden"> </ul></li><li><a id="T_mediatek86_dal_ServiceAccess" class="has-submenu" href="T_mediatek86_dal_ServiceAccess.htm"><span data-tocFile="../toc/IDFCA.xml" class="icon toggle" onclick="ToggleExpandCollapse(this); return false;"><i class="fa fa-angle-right"> </i></span>Service<wbr />Access</a><ul class="toc-menu is-hidden"> </ul></li></tocItems></toc>