﻿<?xml version="1.0" encoding="utf-8"?><toc><breadcrumbs><li><a href="R_Project_Documentation.htm">Docs</a></li><li><a href="R_Project_Documentation.htm">mediatek<wbr />86</a></li><li><a href="N_mediatek86_view.htm">mediatek<wbr />86.<wbr />view</a></li><li><a href="T_mediatek86_view_FrmPersonnel.htm">Frm<wbr />Personnel</a></li><li><a href="Methods_T_mediatek86_view_FrmPersonnel.htm">Méthodes</a></li></breadcrumbs><tocItems><li><a id="Overload_mediatek86_view_FrmPersonnel_Dispose" class="has-submenu" href="Overload_mediatek86_view_FrmPersonnel_Dispose.htm"><span data-tocFile="../toc/IDACBEA.xml" class="icon toggle" onclick="ToggleExpandCollapse(this); return false;"><i class="fa fa-angle-right"> </i></span>Dispose</a><ul class="toc-menu is-hidden"> </ul></li></tocItems></toc>