﻿<?xml version="1.0" encoding="utf-8"?><toc><breadcrumbs><li><a href="R_Project_Documentation.htm">Docs</a></li><li><a href="R_Project_Documentation.htm">mediatek<wbr />86</a></li><li><a href="N_mediatek86_model.htm">mediatek<wbr />86.<wbr />model</a></li><li><a href="T_mediatek86_model_Personnel.htm">Personnel</a></li><li><a href="Methods_T_mediatek86_model_Personnel.htm">Méthodes</a></li></breadcrumbs><tocItems><li><a id="M_mediatek86_model_Personnel_ToString" href="M_mediatek86_model_Personnel_ToString.htm">To<wbr />String</a></li></tocItems></toc>