﻿<?xml version="1.0" encoding="utf-8"?><toc><breadcrumbs><li><a href="R_Project_Documentation.htm">Docs</a></li><li><a href="R_Project_Documentation.htm">mediatek<wbr />86</a></li><li><a href="N_mediatek86_view.htm">mediatek<wbr />86.<wbr />view</a></li></breadcrumbs><tocItems><li><a id="T_mediatek86_view_FrmAuthentification" class="has-submenu" href="T_mediatek86_view_FrmAuthentification.htm"><span data-tocFile="../toc/IDAEA.xml" class="icon toggle" onclick="ToggleExpandCollapse(this); return false;"><i class="fa fa-angle-right"> </i></span>Frm<wbr />Authentification</a><ul class="toc-menu is-hidden"> </ul></li><li><a id="T_mediatek86_view_FrmPersonnel" class="has-submenu" href="T_mediatek86_view_FrmPersonnel.htm"><span data-tocFile="../toc/IDBEA.xml" class="icon toggle" onclick="ToggleExpandCollapse(this); return false;"><i class="fa fa-angle-right"> </i></span>Frm<wbr />Personnel</a><ul class="toc-menu is-hidden"> </ul></li></tocItems></toc>